function,config,device,period_ns,D,KP,DP,CP,latency,LUT,FF,DSP,BRAM18K,URAM,status
bind,u280,xcu280-fsvh2892-2L-e,3.333,10240,64,1,1,10243,84,48,0,0,0,ok
bind,u280,xcu280-fsvh2892-2L-e,3.333,10240,64,2,1,5123,86,47,0,0,0,ok
bind,u280,xcu280-fsvh2892-2L-e,3.333,10240,64,4,1,2564,102,50,0,0,0,ok
bind,u280,xcu280-fsvh2892-2L-e,3.333,10240,64,8,1,1284,110,52,0,0,0,ok
bundle,u280,xcu280-fsvh2892-2L-e,3.333,10240,64,1,1,10243,121,79,0,0,0,ok
bundle,u280,xcu280-fsvh2892-2L-e,3.333,10240,64,2,1,5123,160,135,0,0,0,ok
bundle,u280,xcu280-fsvh2892-2L-e,3.333,10240,64,4,1,2564,366,593,0,0,0,ok
bundle,u280,xcu280-fsvh2892-2L-e,3.333,10240,64,8,1,1284,406,454,0,0,0,ok
cast,u280,xcu280-fsvh2892-2L-e,3.333,10240,64,1,1,10243,82,48,0,0,0,ok
cast,u280,xcu280-fsvh2892-2L-e,3.333,10240,64,2,1,5123,82,47,0,0,0,ok
cast,u280,xcu280-fsvh2892-2L-e,3.333,10240,64,4,1,2563,82,47,0,0,0,ok
cast,u280,xcu280-fsvh2892-2L-e,3.333,10240,64,8,1,1282,82,28,0,0,0,ok
convergence,u280,xcu280-fsvh2892-2L-e,3.333,10240,64,1,1,655363,474,131,0,0,0,ok
convergence,u280,xcu280-fsvh2892-2L-e,3.333,10240,64,1,2,327685,675,198,0,0,0,ok
convergence,u280,xcu280-fsvh2892-2L-e,3.333,10240,64,1,4,163846,1095,389,0,0,0,ok
convergence,u280,xcu280-fsvh2892-2L-e,3.333,10240,64,1,8,81927,1955,774,0,0,0,ok
convergence,u280,xcu280-fsvh2892-2L-e,3.333,10240,64,2,1,327683,606,131,0,0,0,ok
convergence,u280,xcu280-fsvh2892-2L-e,3.333,10240,64,4,1,163843,874,129,0,0,0,ok
convergence,u280,xcu280-fsvh2892-2L-e,3.333,10240,64,8,1,81924,1406,131,0,0,0,ok
flatten,u280,xcu280-fsvh2892-2L-e,3.333,10240,64,1,1,655363,299,93,0,0,0,ok
flatten,u280,xcu280-fsvh2892-2L-e,3.333,10240,64,2,1,327683,293,90,0,0,0,ok
flatten,u280,xcu280-fsvh2892-2L-e,3.333,10240,64,4,1,163843,287,87,0,0,0,ok
flatten,u280,xcu280-fsvh2892-2L-e,3.333,10240,64,8,1,81923,281,84,0,0,0,ok
gather,u280,xcu280-fsvh2892-2L-e,3.333,10240,64,1,1,10244,154,44,0,0,0,ok
gather,u280,xcu280-fsvh2892-2L-e,3.333,10240,64,2,1,5124,152,43,0,0,0,ok
gather,u280,xcu280-fsvh2892-2L-e,3.333,10240,64,4,1,2564,150,42,0,0,0,ok
gather,u280,xcu280-fsvh2892-2L-e,3.333,10240,64,8,1,1284,148,41,0,0,0,ok
gemm,u280,xcu280-fsvh2892-2L-e,3.333,10240,64,1,1,135362,4336,3194,32,0,0,ok
gemm,u280,xcu280-fsvh2892-2L-e,3.333,10240,64,2,1,34370,5802,3937,64,0,0,ok
gemm,u280,xcu280-fsvh2892-2L-e,3.333,10240,64,4,1,9282,10670,5654,128,0,0,ok
gemm,u280,xcu280-fsvh2892-2L-e,3.333,10240,64,8,1,2882,20687,8762,256,0,0,ok
init_centroids,u280,xcu280-fsvh2892-2L-e,3.333,10240,64,1,1,655363,247,86,0,0,0,ok
init_centroids,u280,xcu280-fsvh2892-2L-e,3.333,10240,64,2,1,327683,243,83,0,0,0,ok
init_centroids,u280,xcu280-fsvh2892-2L-e,3.333,10240,64,4,1,163843,239,80,0,0,0,ok
init_centroids,u280,xcu280-fsvh2892-2L-e,3.333,10240,64,8,1,81923,235,77,0,0,0,ok
matvec,u280,xcu280-fsvh2892-2L-e,3.333,10240,64,1,1,327736,4435,2669,32,0,0,ok
matvec,u280,xcu280-fsvh2892-2L-e,3.333,10240,64,2,1,81945,6003,3682,64,0,0,ok
matvec,u280,xcu280-fsvh2892-2L-e,3.333,10240,64,4,1,20497,10789,4975,128,0,0,ok
matvec,u280,xcu280-fsvh2892-2L-e,3.333,10240,64,8,1,5133,20787,8456,256,0,0,ok
normalize,u280,xcu280-fsvh2892-2L-e,3.333,10240,64,1,1,20565,1017,688,1,0,0,ok
normalize,u280,xcu280-fsvh2892-2L-e,3.333,10240,64,2,1,15447,1490,865,1,0,0,ok
normalize,u280,xcu280-fsvh2892-2L-e,3.333,10240,64,4,1,12887,2401,1193,1,0,0,ok
normalize,u280,xcu280-fsvh2892-2L-e,3.333,10240,64,8,1,11607,4224,1849,1,0,0,ok
permute,u280,xcu280-fsvh2892-2L-e,3.333,10240,64,1,1,10298,775,716,0,0,0,ok
permute,u280,xcu280-fsvh2892-2L-e,3.333,10240,64,2,1,5195,1234,1403,0,0,0,ok
permute,u280,xcu280-fsvh2892-2L-e,3.333,10240,64,4,1,5196,2537,2726,0,0,0,ok
permute,u280,xcu280-fsvh2892-2L-e,3.333,10240,64,8,1,2636,4941,5054,0,0,0,ok
place,u280,xcu280-fsvh2892-2L-e,3.333,10240,64,1,1,655363,247,86,0,0,0,ok
place,u280,xcu280-fsvh2892-2L-e,3.333,10240,64,2,1,327683,243,83,0,0,0,ok
place,u280,xcu280-fsvh2892-2L-e,3.333,10240,64,4,1,163843,239,80,0,0,0,ok
place,u280,xcu280-fsvh2892-2L-e,3.333,10240,64,8,1,81923,235,77,0,0,0,ok
scale,u280,xcu280-fsvh2892-2L-e,3.333,10240,64,1,1,10244,154,131,0,0,0,ok
scale,u280,xcu280-fsvh2892-2L-e,3.333,10240,64,2,1,5124,194,146,0,0,0,ok
scale,u280,xcu280-fsvh2892-2L-e,3.333,10240,64,4,1,2564,274,177,0,0,0,ok
scale,u280,xcu280-fsvh2892-2L-e,3.333,10240,64,8,1,1284,434,240,0,0,0,ok
similarity,u280,xcu280-fsvh2892-2L-e,3.333,10240,64,1,1,655364,496,164,0,0,0,ok
similarity,u280,xcu280-fsvh2892-2L-e,3.333,10240,64,1,2,327685,748,363,0,0,0,ok
similarity,u280,xcu280-fsvh2892-2L-e,3.333,10240,64,1,4,163845,864,212,0,0,0,ok
similarity,u280,xcu280-fsvh2892-2L-e,3.333,10240,64,1,8,81925,1351,269,0,0,0,ok
similarity,u280,xcu280-fsvh2892-2L-e,3.333,10240,64,2,1,327685,631,413,0,0,0,ok
similarity,u280,xcu280-fsvh2892-2L-e,3.333,10240,64,4,1,163846,642,416,0,0,0,ok
similarity,u280,xcu280-fsvh2892-2L-e,3.333,10240,64,8,1,81926,686,417,0,0,0,ok
threshold,u280,xcu280-fsvh2892-2L-e,3.333,10240,64,1,1,10243,121,80,0,0,0,ok
threshold,u280,xcu280-fsvh2892-2L-e,3.333,10240,64,2,1,5123,160,79,0,0,0,ok
threshold,u280,xcu280-fsvh2892-2L-e,3.333,10240,64,4,1,2564,250,174,0,0,0,ok
threshold,u280,xcu280-fsvh2892-2L-e,3.333,10240,64,8,1,1283,394,81,0,0,0,ok
transpose,u280,xcu280-fsvh2892-2L-e,3.333,10240,64,1,1,655363,274,87,0,0,0,ok
transpose,u280,xcu280-fsvh2892-2L-e,3.333,10240,64,2,1,327683,269,84,0,0,0,ok
transpose,u280,xcu280-fsvh2892-2L-e,3.333,10240,64,4,1,163843,264,81,0,0,0,ok
transpose,u280,xcu280-fsvh2892-2L-e,3.333,10240,64,8,1,81923,259,78,0,0,0,ok
update,u280,xcu280-fsvh2892-2L-e,3.333,10240,64,1,1,10245,193,104,0,0,0,ok
update,u280,xcu280-fsvh2892-2L-e,3.333,10240,64,2,1,5125,230,172,0,0,0,ok
update,u280,xcu280-fsvh2892-2L-e,3.333,10240,64,4,1,2565,306,304,0,0,0,ok
update,u280,xcu280-fsvh2892-2L-e,3.333,10240,64,8,1,1286,474,569,0,0,0,ok
