function,device,DP,CP,QB,NP,datatype,memory_space,banking,port_width,latency,latency_unit,LUT,FF,DSP,BRAM18K,URAM,source
bind,xc7z020,1,1,,,binary,bram,1,,258,cyc/call,63,20,0,0,0,parallelism
bind,xc7z020,4,1,,,binary,bram,1,,66,cyc/call,53,19,0,0,0,parallelism
bind,xc7z020,8,1,,,binary,bram,1,,35,cyc/call,82,20,0,0,0,parallelism
bundle,xc7z020,1,1,,,binary,bram,1,,258,cyc/call,100,21,0,0,0,parallelism
bundle,xc7z020,4,1,,,binary,bram,1,,66,cyc/call,201,38,0,0,0,parallelism
bundle,xc7z020,8,1,,,binary,bram,1,,34,cyc/call,357,54,0,0,0,parallelism
cast,xc7z020,1,1,,,binary,bram,1,,258,cyc/call,61,20,0,0,0,parallelism
cast,xc7z020,4,1,,,binary,bram,1,,66,cyc/call,45,19,0,0,0,parallelism
cast,xc7z020,8,1,,,binary,bram,1,,34,cyc/call,45,18,0,0,0,parallelism
convergence,xc7z020,1,1,,,binary,bram,1,,2562,cyc/call,320,95,0,0,0,parallelism
convergence,xc7z020,1,2,,,binary,bram,1,,2601,cyc/call,473,230,0,0,0,parallelism
convergence,xc7z020,1,4,,,binary,bram,1,,3125,cyc/call,935,383,0,0,0,parallelism
convergence,xc7z020,1,8,,,binary,bram,1,,4166,cyc/call,1639,701,0,0,0,parallelism
convergence,xc7z020,4,1,,,binary,bram,1,,643,cyc/call,498,161,0,0,0,parallelism
convergence,xc7z020,4,2,,,binary,bram,1,,691,cyc/call,817,366,0,0,0,parallelism
convergence,xc7z020,4,4,,,binary,bram,1,,834,cyc/call,1633,659,0,0,0,parallelism
convergence,xc7z020,4,8,,,binary,bram,1,,1110,cyc/call,2999,1247,0,0,0,parallelism
convergence,xc7z020,8,1,,,binary,bram,1,,324,cyc/call,772,233,0,0,0,parallelism
convergence,xc7z020,8,2,,,binary,bram,1,,382,cyc/call,1375,517,0,0,0,parallelism
convergence,xc7z020,8,4,,,binary,bram,1,,462,cyc/call,2721,954,0,0,0,parallelism
convergence,xc7z020,8,8,,,binary,bram,1,,614,cyc/call,5175,1830,0,0,0,parallelism
flatten,xc7z020,1,1,,,binary,bram,1,,16386,cyc/call,181,50,0,0,0,parallelism
flatten,xc7z020,4,1,,,binary,bram,1,,4098,cyc/call,143,46,0,0,0,parallelism
flatten,xc7z020,8,1,,,binary,bram,1,,2050,cyc/call,143,44,0,0,0,parallelism
gather,xc7z020,1,1,,,binary,bram,1,,258,cyc/call,61,20,0,0,0,parallelism
gather,xc7z020,4,1,,,binary,bram,1,,66,cyc/call,45,19,0,0,0,parallelism
gather,xc7z020,8,1,,,binary,bram,1,,34,cyc/call,45,18,0,0,0,parallelism
gemm,xc7z020,1,1,,,binary,bram,1,,262150,cyc/call,436,298,1,0,0,parallelism
gemm,xc7z020,4,1,,,binary,bram,1,,8199,cyc/call,10595,3893,128,0,0,parallelism
gemm,xc7z020,8,1,,,binary,bram,1,,2055,cyc/call,20714,6846,256,0,0,parallelism
init_centroids,xc7z020,1,1,,,binary,bram,1,,2562,cyc/call,179,43,0,0,0,parallelism
init_centroids,xc7z020,4,1,,,binary,bram,1,,642,cyc/call,158,39,0,0,0,parallelism
init_centroids,xc7z020,8,1,,,binary,bram,1,,322,cyc/call,160,37,0,0,0,parallelism
matvec,xc7z020,1,1,,,binary,bram,1,,16389,cyc/call,330,268,1,0,0,parallelism
matvec,xc7z020,4,1,,,binary,bram,1,,528,cyc/call,10572,5164,128,0,0,parallelism
matvec,xc7z020,8,1,,,binary,bram,1,,140,cyc/call,20668,7952,256,0,0,parallelism
normalize,xc7z020,1,1,,,binary,bram,1,,652,cyc/call,1077,744,1,0,0,parallelism
normalize,xc7z020,4,1,,,binary,bram,1,,461,cyc/call,2337,1220,1,0,0,parallelism
normalize,xc7z020,8,1,,,binary,bram,1,,429,cyc/call,4011,1852,1,0,0,parallelism
permute,xc7z020,1,1,,,binary,bram,1,,258,cyc/call,76,20,0,0,0,parallelism
permute,xc7z020,4,1,,,binary,bram,1,,66,cyc/call,307,39,0,0,0,parallelism
permute,xc7z020,8,1,,,binary,bram,1,,34,cyc/call,935,46,0,0,0,parallelism
place,xc7z020,1,1,,,binary,bram,1,,16386,cyc/call,181,50,0,0,0,parallelism
place,xc7z020,4,1,,,binary,bram,1,,4098,cyc/call,143,46,0,0,0,parallelism
place,xc7z020,8,1,,,binary,bram,1,,2050,cyc/call,143,44,0,0,0,parallelism
scale,xc7z020,1,1,,,binary,bram,1,,258,cyc/call,102,52,0,0,0,parallelism
scale,xc7z020,4,1,,,binary,bram,1,,66,cyc/call,209,51,0,0,0,parallelism
scale,xc7z020,8,1,,,binary,bram,1,,34,cyc/call,373,50,0,0,0,parallelism
similarity,xc7z020,1,1,,,binary,bram,1,,2569,cyc/call,539,201,0,0,0,parallelism
similarity,xc7z020,1,2,,,binary,bram,1,,2347,cyc/call,682,216,0,0,0,parallelism
similarity,xc7z020,1,4,,,binary,bram,1,,2346,cyc/call,1175,337,0,0,0,parallelism
similarity,xc7z020,1,8,,,binary,bram,1,,2345,cyc/call,2133,564,0,0,0,parallelism
similarity,xc7z020,4,1,,,binary,bram,1,,650,cyc/call,776,210,0,0,0,parallelism
similarity,xc7z020,4,2,,,binary,bram,1,,620,cyc/call,948,213,0,0,0,parallelism
similarity,xc7z020,4,4,,,binary,bram,1,,618,cyc/call,1513,335,0,0,0,parallelism
similarity,xc7z020,4,8,,,binary,bram,1,,617,cyc/call,2639,563,0,0,0,parallelism
similarity,xc7z020,8,1,,,binary,bram,1,,331,cyc/call,1106,217,0,0,0,parallelism
similarity,xc7z020,8,2,,,binary,bram,1,,341,cyc/call,1376,237,0,0,0,parallelism
similarity,xc7z020,8,4,,,binary,bram,1,,339,cyc/call,2133,370,0,0,0,parallelism
similarity,xc7z020,8,8,,,binary,bram,1,,338,cyc/call,3643,626,0,0,0,parallelism
threshold,xc7z020,1,1,,,binary,bram,1,,258,cyc/call,100,52,0,0,0,parallelism
threshold,xc7z020,4,1,,,binary,bram,1,,66,cyc/call,201,51,0,0,0,parallelism
threshold,xc7z020,8,1,,,binary,bram,1,,35,cyc/call,378,52,0,0,0,parallelism
transpose,xc7z020,1,1,,,binary,bram,1,,16386,cyc/call,198,50,0,0,0,parallelism
transpose,xc7z020,4,1,,,binary,bram,1,,4098,cyc/call,155,46,0,0,0,parallelism
transpose,xc7z020,8,1,,,binary,bram,1,,2050,cyc/call,155,44,0,0,0,parallelism
update,xc7z020,1,1,,,binary,bram,1,,258,cyc/call,100,25,0,0,0,parallelism
update,xc7z020,4,1,,,binary,bram,1,,66,cyc/call,201,54,0,0,0,parallelism
update,xc7z020,8,1,,,binary,bram,1,,34,cyc/call,357,86,0,0,0,parallelism
bind,xc7z020,8,1,,,binary,bram,1,,35,cyc/call,82,20,0,0,0,datatype
bind,xc7z020,8,1,,,bipolar,bram,1,,35,cyc/call,130,20,0,0,0,datatype
bind,xc7z020,8,1,,,fixed,bram,1,,35,cyc/call,114,20,8,0,0,datatype
threshold,xc7z020,8,1,,,binary,bram,1,,35,cyc/call,378,52,0,0,0,datatype
threshold,xc7z020,8,1,,,bipolar,bram,1,,35,cyc/call,394,20,0,0,0,datatype
threshold,xc7z020,8,1,,,fixed,bram,1,,34,cyc/call,45,18,0,0,0,datatype
similarity,xc7z020,8,2,,,binary,bram,1,,341,cyc/call,1376,237,0,0,0,datatype
similarity,xc7z020,8,2,,,bipolar,bram,1,,368,cyc/call,1415,527,12,0,0,datatype
similarity,xc7z020,8,2,,,fixed,bram,1,,367,cyc/call,1622,1013,24,0,0,datatype
gather,xc7z020,1,,,,binary,bram,1,,258,cyc/call,324,82,0,2,0,memory
gather,xc7z020,2,,,,binary,bram,2,,130,cyc/call,298,68,0,2,0,memory
gather,xc7z020,4,,,,binary,bram,4,,66,cyc/call,352,78,0,4,0,memory
gather,xc7z020,8,,,,binary,bram,8,,34,cyc/call,460,77,0,8,0,memory
gather,xc7z020,,,,,binary,offchip,,,258,cyc/call,1373,985,0,3,0,memory
gather,xc7z020,1,,,,binary,uram,1,,258,cyc/call,341,70,0,0,8,memory
gather,xc7z020,4,,,,binary,uram,4,,66,cyc/call,361,67,0,0,8,memory
hbm_gather,xc7z020,,,,,binary,offchip,1,128,20,cyc/hv,1262,1139,0,8,0,hbm
hbm_gather,xc7z020,,,,,binary,offchip,1,256,16,cyc/hv,1525,1533,0,15,0,hbm
hbm_gather,xc7z020,,,,,binary,offchip,1,512,14,cyc/hv,2045,2321,0,29,0,hbm
hbm_gather_cp,xc7z020,,1,,,binary,offchip,1,512,28.0,cyc/hv,2064,2324,0,29,0,hbm_cp
hbm_gather_cp,xc7z020,,2,,,binary,offchip,2,512,14.0,cyc/hv,3961,4542,0,58,0,hbm_cp
hbm_gather_cp,xc7z020,,4,,,binary,offchip,4,512,7.0,cyc/hv,7747,8978,0,116,0,hbm_cp
hbm_gather_cp,xc7z020,,8,,,binary,offchip,8,512,3.5,cyc/hv,15319,17850,0,232,0,hbm_cp
hbm_gather_cp_df,xc7z020,,1,,,binary,offchip,1,512,28.0,cyc/hv,3769,2995,0,58,0,hbm_cp_df
hbm_gather_cp_df,xc7z020,,2,,,binary,offchip,2,512,14.0,cyc/hv,7366,5887,0,116,0,hbm_cp_df
hbm_gather_cp_df,xc7z020,,4,,,binary,offchip,4,512,7.0,cyc/hv,14544,11671,0,232,0,hbm_cp_df
hbm_gather_cp_df,xc7z020,,8,,,binary,offchip,8,512,3.5,cyc/hv,28900,23239,0,464,0,hbm_cp_df
offchip_baseline_cp,xc7z020,,1,,,binary,offchip,1,512,50.0,cyc/hv,3806,2849,0,44,0,offchip_base
offchip_baseline_cp,xc7z020,,2,,,binary,offchip,2,512,25.0,cyc/hv,7317,5581,0,88,0,offchip_base
offchip_baseline_cp,xc7z020,,4,,,binary,offchip,4,512,12.5,cyc/hv,14331,11043,0,176,0,offchip_base
offchip_baseline_cp,xc7z020,,8,,,binary,offchip,8,512,6.2,cyc/hv,28359,21967,0,352,0,offchip_base
biohd_buffered_base,zcu104,,1,1,32,binary,offchip,1,512,55.094,cyc/cmp,8425,14047,0,44,,biohd_base
biohd_compose_search,zcu104,,1,1,32,binary,offchip,1,512,21.281,cyc/cmp,9434,15778,0,87,,biohd
biohd_buffered_base,zcu104,,1,4,32,binary,offchip,1,512,14.281,cyc/cmp,26234,48866,0,44,,biohd_base
biohd_compose_search,zcu104,,1,4,32,binary,offchip,1,512,5.844,cyc/cmp,29861,54310,0,87,,biohd
biohd_buffered_base,zcu104,,1,1,64,binary,offchip,1,512,54.547,cyc/cmp,8427,14049,0,44,,biohd_base
biohd_compose_search,zcu104,,1,1,64,binary,offchip,1,512,20.641,cyc/cmp,9439,15781,0,87,,biohd
biohd_buffered_base,zcu104,,1,4,64,binary,offchip,1,512,13.891,cyc/cmp,26236,48868,0,44,,biohd_base
biohd_compose_search,zcu104,,1,4,64,binary,offchip,1,512,5.422,cyc/cmp,29866,54313,0,87,,biohd
biohd_buffered_base,zcu104,,1,1,128,binary,offchip,1,512,54.273,cyc/cmp,8429,14051,0,44,,biohd_base
biohd_compose_search,zcu104,,1,1,128,binary,offchip,1,512,20.32,cyc/cmp,9444,15784,0,87,,biohd
biohd_buffered_base,zcu104,,1,4,128,binary,offchip,1,512,13.695,cyc/cmp,26238,48870,0,44,,biohd_base
biohd_compose_search,zcu104,,1,4,128,binary,offchip,1,512,5.211,cyc/cmp,29871,54316,0,87,,biohd
biohd_buffered_base,zcu104,,1,1,256,binary,offchip,1,512,54.137,cyc/cmp,8431,14053,0,44,,biohd_base
biohd_compose_search,zcu104,,1,1,256,binary,offchip,1,512,20.16,cyc/cmp,9449,15787,0,87,,biohd
biohd_buffered_base,zcu104,,1,4,256,binary,offchip,1,512,13.598,cyc/cmp,26240,48872,0,44,,biohd_base
biohd_compose_search,zcu104,,1,4,256,binary,offchip,1,512,5.105,cyc/cmp,29876,54319,0,87,,biohd
biohd_buffered_base,zcu104,,1,1,32,int32,offchip,1,512,1294.094,cyc/cmp,5651,4429,0,58,,biohd_base
biohd_compose_search,zcu104,,1,1,32,int32,offchip,1,512,641.062,cyc/cmp,6065,4664,0,87,,biohd
biohd_buffered_base,zcu104,,1,4,32,int32,offchip,1,512,324.031,cyc/cmp,13134,7155,0,58,,biohd_base
biohd_compose_search,zcu104,,1,4,32,int32,offchip,1,512,160.797,cyc/cmp,14089,8031,0,87,,biohd
biohd_buffered_base,zcu104,,1,1,64,int32,offchip,1,512,1293.547,cyc/cmp,5653,4431,0,58,,biohd_base
biohd_compose_search,zcu104,,1,1,64,int32,offchip,1,512,640.531,cyc/cmp,6070,4667,0,87,,biohd
biohd_buffered_base,zcu104,,1,4,64,int32,offchip,1,512,323.641,cyc/cmp,13136,7157,0,58,,biohd_base
biohd_compose_search,zcu104,,1,4,64,int32,offchip,1,512,160.398,cyc/cmp,14094,8034,0,87,,biohd
biohd_buffered_base,zcu104,,1,1,128,int32,offchip,1,512,1293.273,cyc/cmp,5655,4433,0,58,,biohd_base
biohd_compose_search,zcu104,,1,1,128,int32,offchip,1,512,640.266,cyc/cmp,6075,4670,0,87,,biohd
biohd_buffered_base,zcu104,,1,4,128,int32,offchip,1,512,323.445,cyc/cmp,13138,7159,0,58,,biohd_base
biohd_compose_search,zcu104,,1,4,128,int32,offchip,1,512,160.199,cyc/cmp,14099,8037,0,87,,biohd
biohd_buffered_base,zcu104,,1,1,256,int32,offchip,1,512,1293.137,cyc/cmp,5657,4435,0,58,,biohd_base
biohd_compose_search,zcu104,,1,1,256,int32,offchip,1,512,640.133,cyc/cmp,6080,4673,0,87,,biohd
biohd_buffered_base,zcu104,,1,4,256,int32,offchip,1,512,323.348,cyc/cmp,13140,7161,0,58,,biohd_base
biohd_compose_search,zcu104,,1,4,256,int32,offchip,1,512,160.1,cyc/cmp,14104,8040,0,87,,biohd
