P,bits,policy,storage,auc,auc_sd,tpr_mean,tpr_vs_int32,auc_vs_int32,KB_per_ref,blocks_per_ref,blocks_provenance,K_max_on_U280,capacity_gain,overflowed
50,1,saturate,"sign{-1,+1}",1.0,0.0,1.0,0.0,0.0,1.25,0.5664,measured,7118,32.06,0
50,1,scale,"sign{-1,+1}",1.0,0.0,1.0,0.0,0.0,1.25,0.5664,measured,7118,32.06,0
50,1,wrap,"sign{-1,+1}",1.0,0.0,1.0,0.0,0.0,1.25,0.5664,measured,7118,32.06,0
50,2,saturate,ap_int<2>,1.0,0.0,1.0,0.0,0.0,2.5,1.1328,scaled from X=1,3559,16.03,1
50,2,scale,ap_int<2>,1.0,0.0,1.0,0.0,0.0,2.5,1.1328,scaled from X=1,3559,16.03,1
50,2,wrap,ap_int<2>,0.53554,0.038776,0.064,-0.936,-0.46446,2.5,1.1328,scaled from X=1,3559,16.03,1
50,4,saturate,ap_int<4>,1.0,0.0,1.0,0.0,0.0,5.0,2.2656,scaled from X=1,1779,8.01,1
50,4,scale,ap_int<4>,1.0,0.0,1.0,0.0,0.0,5.0,2.2656,scaled from X=1,1779,8.01,1
50,4,wrap,ap_int<4>,0.69394,0.037464,0.204,-0.796,-0.30606,5.0,2.2656,scaled from X=1,1779,8.01,1
50,8,saturate,ap_int<8>,1.0,0.0,1.0,0.0,0.0,10.0,4.5312,measured,889,4.0,0
50,8,scale,ap_int<8>,1.0,0.0,1.0,0.0,0.0,10.0,4.5312,measured,889,4.0,0
50,8,wrap,ap_int<8>,1.0,0.0,1.0,0.0,0.0,10.0,4.5312,measured,889,4.0,0
50,16,saturate,ap_int<16>,1.0,0.0,1.0,0.0,0.0,20.0,9.0625,scaled from X=1,444,2.0,0
50,16,scale,ap_int<16>,1.0,0.0,1.0,0.0,0.0,20.0,9.0625,scaled from X=1,444,2.0,0
50,16,wrap,ap_int<16>,1.0,0.0,1.0,0.0,0.0,20.0,9.0625,scaled from X=1,444,2.0,0
50,32,saturate,ap_int<32>,1.0,0.0,1.0,0.0,0.0,40.0,18.125,measured,222,1.0,0
50,32,scale,ap_int<32>,1.0,0.0,1.0,0.0,0.0,40.0,18.125,measured,222,1.0,0
50,32,wrap,ap_int<32>,1.0,0.0,1.0,0.0,0.0,40.0,18.125,measured,222,1.0,0
500,1,saturate,"sign{-1,+1}",0.994198,0.001074,0.9708,-0.0264,-0.005071,1.25,0.5664,measured,7118,32.06,0
500,1,scale,"sign{-1,+1}",0.994198,0.001074,0.9708,-0.0264,-0.005071,1.25,0.5664,measured,7118,32.06,0
500,1,wrap,"sign{-1,+1}",0.994198,0.001074,0.9708,-0.0264,-0.005071,1.25,0.5664,measured,7118,32.06,0
500,2,saturate,ap_int<2>,0.992041,0.001369,0.9576,-0.0396,-0.007228,2.5,1.1328,scaled from X=1,3559,16.03,1
500,2,scale,ap_int<2>,0.933163,0.024913,0.6916,-0.3056,-0.066106,2.5,1.1328,scaled from X=1,3559,16.03,1
500,2,wrap,ap_int<2>,0.489604,0.006076,0.0464,-0.9508,-0.509665,2.5,1.1328,scaled from X=1,3559,16.03,1
500,4,saturate,ap_int<4>,0.996815,0.000752,0.984,-0.0132,-0.002454,5.0,2.2656,scaled from X=1,1779,8.01,1
500,4,scale,ap_int<4>,0.999137,0.000378,0.9976,0.0004,-0.000132,5.0,2.2656,scaled from X=1,1779,8.01,1
500,4,wrap,ap_int<4>,0.504694,0.004202,0.0492,-0.948,-0.494575,5.0,2.2656,scaled from X=1,1779,8.01,1
500,8,saturate,ap_int<8>,0.999269,0.000365,0.9972,0.0,0.0,10.0,4.5312,measured,889,4.0,0
500,8,scale,ap_int<8>,0.999269,0.000365,0.9972,0.0,0.0,10.0,4.5312,measured,889,4.0,0
500,8,wrap,ap_int<8>,0.999269,0.000365,0.9972,0.0,0.0,10.0,4.5312,measured,889,4.0,0
500,16,saturate,ap_int<16>,0.999269,0.000365,0.9972,0.0,0.0,20.0,9.0625,scaled from X=1,444,2.0,0
500,16,scale,ap_int<16>,0.999269,0.000365,0.9972,0.0,0.0,20.0,9.0625,scaled from X=1,444,2.0,0
500,16,wrap,ap_int<16>,0.999269,0.000365,0.9972,0.0,0.0,20.0,9.0625,scaled from X=1,444,2.0,0
500,32,saturate,ap_int<32>,0.999269,0.000365,0.9972,0.0,0.0,40.0,18.125,measured,222,1.0,0
500,32,scale,ap_int<32>,0.999269,0.000365,0.9972,0.0,0.0,40.0,18.125,measured,222,1.0,0
500,32,wrap,ap_int<32>,0.999269,0.000365,0.9972,0.0,0.0,40.0,18.125,measured,222,1.0,0
2000,1,saturate,"sign{-1,+1}",0.891502,0.005556,0.55,-0.1424,-0.04744,1.25,0.5664,measured,7118,32.06,0
2000,1,scale,"sign{-1,+1}",0.891502,0.005556,0.55,-0.1424,-0.04744,1.25,0.5664,measured,7118,32.06,0
2000,1,wrap,"sign{-1,+1}",0.891502,0.005556,0.55,-0.1424,-0.04744,1.25,0.5664,measured,7118,32.06,0
2000,2,saturate,ap_int<2>,0.879739,0.005218,0.51,-0.1824,-0.059203,2.5,1.1328,scaled from X=1,3559,16.03,1
2000,2,scale,ap_int<2>,0.79234,0.016205,0.2888,-0.4036,-0.146602,2.5,1.1328,scaled from X=1,3559,16.03,1
2000,2,wrap,ap_int<2>,0.495238,0.007843,0.0516,-0.6408,-0.443704,2.5,1.1328,scaled from X=1,3559,16.03,1
2000,4,saturate,ap_int<4>,0.901077,0.004617,0.5799,-0.1125,-0.037865,5.0,2.2656,scaled from X=1,1779,8.01,1
2000,4,scale,ap_int<4>,0.936875,0.004257,0.6876,-0.0048,-0.002067,5.0,2.2656,scaled from X=1,1779,8.01,1
2000,4,wrap,ap_int<4>,0.504001,0.005739,0.0543,-0.6381,-0.434941,5.0,2.2656,scaled from X=1,1779,8.01,1
2000,8,saturate,ap_int<8>,0.93887,0.003908,0.6938,0.0014,-7.2e-05,10.0,4.5312,measured,889,4.0,1
2000,8,scale,ap_int<8>,0.938955,0.00401,0.6925,0.0001,1.3e-05,10.0,4.5312,measured,889,4.0,1
2000,8,wrap,ap_int<8>,0.924414,0.002512,0.6376,-0.0548,-0.014528,10.0,4.5312,measured,889,4.0,1
2000,16,saturate,ap_int<16>,0.938942,0.004018,0.6924,0.0,0.0,20.0,9.0625,scaled from X=1,444,2.0,0
2000,16,scale,ap_int<16>,0.938942,0.004018,0.6924,0.0,0.0,20.0,9.0625,scaled from X=1,444,2.0,0
2000,16,wrap,ap_int<16>,0.938942,0.004018,0.6924,0.0,0.0,20.0,9.0625,scaled from X=1,444,2.0,0
2000,32,saturate,ap_int<32>,0.938942,0.004018,0.6924,0.0,0.0,40.0,18.125,measured,222,1.0,0
2000,32,scale,ap_int<32>,0.938942,0.004018,0.6924,0.0,0.0,40.0,18.125,measured,222,1.0,0
2000,32,wrap,ap_int<32>,0.938942,0.004018,0.6924,0.0,0.0,40.0,18.125,measured,222,1.0,0
