P,bits,policy,seed,storage,auc,tpr_at_fpr,signal_mean,signal_std,noise_mean,noise_std,peak_count,bits_needed,overflowed
50,1,wrap,0,"sign{-1,+1}",1.0,1.0,1134.72,110.003,2.832,99.013,28,6,0
50,1,wrap,1,"sign{-1,+1}",1.0,1.0,1127.92,108.689,-1.322,97.854,26,6,0
50,1,wrap,2,"sign{-1,+1}",1.0,1.0,1131.84,89.999,0.95,98.583,28,6,0
50,1,wrap,3,"sign{-1,+1}",1.0,1.0,1113.8,90.129,1.376,96.656,26,6,0
50,1,wrap,4,"sign{-1,+1}",1.0,1.0,1107.84,101.538,-1.276,100.616,30,6,0
50,1,saturate,0,"sign{-1,+1}",1.0,1.0,1134.72,110.003,2.832,99.013,28,6,0
50,1,saturate,1,"sign{-1,+1}",1.0,1.0,1127.92,108.689,-1.322,97.854,26,6,0
50,1,saturate,2,"sign{-1,+1}",1.0,1.0,1131.84,89.999,0.95,98.583,28,6,0
50,1,saturate,3,"sign{-1,+1}",1.0,1.0,1113.8,90.129,1.376,96.656,26,6,0
50,1,saturate,4,"sign{-1,+1}",1.0,1.0,1107.84,101.538,-1.276,100.616,30,6,0
50,1,scale,0,"sign{-1,+1}",1.0,1.0,1134.72,110.003,2.832,99.013,28,6,0
50,1,scale,1,"sign{-1,+1}",1.0,1.0,1127.92,108.689,-1.322,97.854,26,6,0
50,1,scale,2,"sign{-1,+1}",1.0,1.0,1131.84,89.999,0.95,98.583,28,6,0
50,1,scale,3,"sign{-1,+1}",1.0,1.0,1113.8,90.129,1.376,96.656,26,6,0
50,1,scale,4,"sign{-1,+1}",1.0,1.0,1107.84,101.538,-1.276,100.616,30,6,0
50,2,wrap,0,ap_int<2>,0.53136,0.06,19.36,120.963,0.772,143.098,28,6,1
50,2,wrap,1,ap_int<2>,0.55832,0.08,26.72,153.914,1.684,141.475,26,6,1
50,2,wrap,2,ap_int<2>,0.50905,0.08,11.84,139.424,3.272,142.751,28,6,1
50,2,wrap,3,ap_int<2>,0.48359,0.02,-8.56,134.291,2.636,136.429,26,6,1
50,2,wrap,4,ap_int<2>,0.59538,0.08,37.28,154.304,-5.384,141.454,30,6,1
50,2,saturate,0,ap_int<2>,1.0,1.0,1703.52,165.93,1.86,149.255,28,6,1
50,2,saturate,1,ap_int<2>,1.0,1.0,1698.2,152.77,-2.304,152.685,26,6,1
50,2,saturate,2,ap_int<2>,1.0,1.0,1697.96,142.025,3.04,145.666,28,6,1
50,2,saturate,3,ap_int<2>,1.0,1.0,1664.4,132.261,2.548,143.261,26,6,1
50,2,saturate,4,ap_int<2>,1.0,1.0,1671.72,150.266,-4.218,151.258,30,6,1
50,2,scale,0,ap_int<2>,1.0,1.0,113.08,18.569,0.268,18.32,28,6,1
50,2,scale,1,ap_int<2>,1.0,1.0,193.36,19.928,0.066,25.051,26,6,1
50,2,scale,2,ap_int<2>,1.0,1.0,118.36,18.959,-0.26,18.163,28,6,1
50,2,scale,3,ap_int<2>,1.0,1.0,199.52,26.959,-0.332,25.216,26,6,1
50,2,scale,4,ap_int<2>,1.0,1.0,117.64,17.035,0.012,18.291,30,6,1
50,4,wrap,0,ap_int<4>,0.6733,0.18,283.84,470.489,-1.836,450.217,28,6,1
50,4,wrap,1,ap_int<4>,0.72247,0.2,384.8,478.164,-5.196,462.725,26,6,1
50,4,wrap,2,ap_int<4>,0.69844,0.24,381.6,548.74,1.08,469.258,28,6,1
50,4,wrap,3,ap_int<4>,0.63445,0.12,228.08,411.191,1.076,466.146,26,6,1
50,4,wrap,4,ap_int<4>,0.74104,0.28,482.08,538.856,10.88,470.517,30,6,1
50,4,saturate,0,ap_int<4>,1.0,1.0,7211.4,577.949,16.446,528.37,28,6,1
50,4,saturate,1,ap_int<4>,1.0,1.0,7165.44,486.608,-1.574,530.733,26,6,1
50,4,saturate,2,ap_int<4>,1.0,1.0,7181.68,452.66,6.376,513.502,28,6,1
50,4,saturate,3,ap_int<4>,1.0,1.0,7040.08,471.715,4.724,504.783,26,6,1
50,4,saturate,4,ap_int<4>,1.0,1.0,7008.44,467.347,-10.48,524.587,30,6,1
50,4,scale,0,ap_int<4>,1.0,1.0,2535.2,187.211,7.248,182.396,28,6,1
50,4,scale,1,ap_int<4>,1.0,1.0,2785.64,183.868,-0.52,204.647,26,6,1
50,4,scale,2,ap_int<4>,1.0,1.0,2515.76,152.483,0.044,176.263,28,6,1
50,4,scale,3,ap_int<4>,1.0,1.0,2751.84,191.471,0.436,191.341,26,6,1
50,4,scale,4,ap_int<4>,1.0,1.0,2170.28,137.022,-2.984,159.92,30,6,1
50,8,wrap,0,ap_int<8>,1.0,1.0,10116.16,756.401,23.892,711.959,28,6,0
50,8,wrap,1,ap_int<8>,1.0,1.0,10002.72,628.031,2.772,726.779,26,6,0
50,8,wrap,2,ap_int<8>,1.0,1.0,10082.08,643.065,0.088,685.679,28,6,0
50,8,wrap,3,ap_int<8>,1.0,1.0,9875.44,685.44,2.804,674.154,26,6,0
50,8,wrap,4,ap_int<8>,1.0,1.0,9812.0,588.378,-12.64,708.039,30,6,0
50,8,saturate,0,ap_int<8>,1.0,1.0,10116.16,756.401,23.892,711.959,28,6,0
50,8,saturate,1,ap_int<8>,1.0,1.0,10002.72,628.031,2.772,726.779,26,6,0
50,8,saturate,2,ap_int<8>,1.0,1.0,10082.08,643.065,0.088,685.679,28,6,0
50,8,saturate,3,ap_int<8>,1.0,1.0,9875.44,685.44,2.804,674.154,26,6,0
50,8,saturate,4,ap_int<8>,1.0,1.0,9812.0,588.378,-12.64,708.039,30,6,0
50,8,scale,0,ap_int<8>,1.0,1.0,10116.16,756.401,23.892,711.959,28,6,0
50,8,scale,1,ap_int<8>,1.0,1.0,10002.72,628.031,2.772,726.779,26,6,0
50,8,scale,2,ap_int<8>,1.0,1.0,10082.08,643.065,0.088,685.679,28,6,0
50,8,scale,3,ap_int<8>,1.0,1.0,9875.44,685.44,2.804,674.154,26,6,0
50,8,scale,4,ap_int<8>,1.0,1.0,9812.0,588.378,-12.64,708.039,30,6,0
50,16,wrap,0,ap_int<16>,1.0,1.0,10116.16,756.401,23.892,711.959,28,6,0
50,16,wrap,1,ap_int<16>,1.0,1.0,10002.72,628.031,2.772,726.779,26,6,0
50,16,wrap,2,ap_int<16>,1.0,1.0,10082.08,643.065,0.088,685.679,28,6,0
50,16,wrap,3,ap_int<16>,1.0,1.0,9875.44,685.44,2.804,674.154,26,6,0
50,16,wrap,4,ap_int<16>,1.0,1.0,9812.0,588.378,-12.64,708.039,30,6,0
50,16,saturate,0,ap_int<16>,1.0,1.0,10116.16,756.401,23.892,711.959,28,6,0
50,16,saturate,1,ap_int<16>,1.0,1.0,10002.72,628.031,2.772,726.779,26,6,0
50,16,saturate,2,ap_int<16>,1.0,1.0,10082.08,643.065,0.088,685.679,28,6,0
50,16,saturate,3,ap_int<16>,1.0,1.0,9875.44,685.44,2.804,674.154,26,6,0
50,16,saturate,4,ap_int<16>,1.0,1.0,9812.0,588.378,-12.64,708.039,30,6,0
50,16,scale,0,ap_int<16>,1.0,1.0,10116.16,756.401,23.892,711.959,28,6,0
50,16,scale,1,ap_int<16>,1.0,1.0,10002.72,628.031,2.772,726.779,26,6,0
50,16,scale,2,ap_int<16>,1.0,1.0,10082.08,643.065,0.088,685.679,28,6,0
50,16,scale,3,ap_int<16>,1.0,1.0,9875.44,685.44,2.804,674.154,26,6,0
50,16,scale,4,ap_int<16>,1.0,1.0,9812.0,588.378,-12.64,708.039,30,6,0
50,32,wrap,0,ap_int<32>,1.0,1.0,10116.16,756.401,23.892,711.959,28,6,0
50,32,wrap,1,ap_int<32>,1.0,1.0,10002.72,628.031,2.772,726.779,26,6,0
50,32,wrap,2,ap_int<32>,1.0,1.0,10082.08,643.065,0.088,685.679,28,6,0
50,32,wrap,3,ap_int<32>,1.0,1.0,9875.44,685.44,2.804,674.154,26,6,0
50,32,wrap,4,ap_int<32>,1.0,1.0,9812.0,588.378,-12.64,708.039,30,6,0
50,32,saturate,0,ap_int<32>,1.0,1.0,10116.16,756.401,23.892,711.959,28,6,0
50,32,saturate,1,ap_int<32>,1.0,1.0,10002.72,628.031,2.772,726.779,26,6,0
50,32,saturate,2,ap_int<32>,1.0,1.0,10082.08,643.065,0.088,685.679,28,6,0
50,32,saturate,3,ap_int<32>,1.0,1.0,9875.44,685.44,2.804,674.154,26,6,0
50,32,saturate,4,ap_int<32>,1.0,1.0,9812.0,588.378,-12.64,708.039,30,6,0
50,32,scale,0,ap_int<32>,1.0,1.0,10116.16,756.401,23.892,711.959,28,6,0
50,32,scale,1,ap_int<32>,1.0,1.0,10002.72,628.031,2.772,726.779,26,6,0
50,32,scale,2,ap_int<32>,1.0,1.0,10082.08,643.065,0.088,685.679,28,6,0
50,32,scale,3,ap_int<32>,1.0,1.0,9875.44,685.44,2.804,674.154,26,6,0
50,32,scale,4,ap_int<32>,1.0,1.0,9812.0,588.378,-12.64,708.039,30,6,0
500,1,wrap,0,"sign{-1,+1}",0.993257,0.964,355.576,102.295,-2.8,100.283,100,8,0
500,1,wrap,1,"sign{-1,+1}",0.995008,0.978,356.748,102.853,0.058,98.634,92,8,0
500,1,wrap,2,"sign{-1,+1}",0.994148,0.976,358.756,97.6,-2.106,100.594,90,8,0
500,1,wrap,3,"sign{-1,+1}",0.992838,0.962,355.068,103.064,-0.36,100.049,88,8,0
500,1,wrap,4,"sign{-1,+1}",0.995737,0.974,360.528,97.374,-1.234,99.856,84,8,0
500,1,saturate,0,"sign{-1,+1}",0.993257,0.964,355.576,102.295,-2.8,100.283,100,8,0
500,1,saturate,1,"sign{-1,+1}",0.995008,0.978,356.748,102.853,0.058,98.634,92,8,0
500,1,saturate,2,"sign{-1,+1}",0.994148,0.976,358.756,97.6,-2.106,100.594,90,8,0
500,1,saturate,3,"sign{-1,+1}",0.992838,0.962,355.068,103.064,-0.36,100.049,88,8,0
500,1,saturate,4,"sign{-1,+1}",0.995737,0.974,360.528,97.374,-1.234,99.856,84,8,0
500,1,scale,0,"sign{-1,+1}",0.993257,0.964,355.576,102.295,-2.8,100.283,100,8,0
500,1,scale,1,"sign{-1,+1}",0.995008,0.978,356.748,102.853,0.058,98.634,92,8,0
500,1,scale,2,"sign{-1,+1}",0.994148,0.976,358.756,97.6,-2.106,100.594,90,8,0
500,1,scale,3,"sign{-1,+1}",0.992838,0.962,355.068,103.064,-0.36,100.049,88,8,0
500,1,scale,4,"sign{-1,+1}",0.995737,0.974,360.528,97.374,-1.234,99.856,84,8,0
500,2,wrap,0,ap_int<2>,0.493059,0.066,-2.64,147.125,0.1,137.488,100,8,1
500,2,wrap,1,ap_int<2>,0.483269,0.04,-5.592,146.368,0.148,145.312,92,8,1
500,2,wrap,2,ap_int<2>,0.496179,0.056,7.928,150.768,9.848,142.616,90,8,1
500,2,wrap,3,ap_int<2>,0.481335,0.032,-8.616,136.993,0.672,142.045,88,8,1
500,2,wrap,4,ap_int<2>,0.494177,0.038,-6.144,142.957,-0.468,143.8,84,8,1
500,2,saturate,0,ap_int<2>,0.991054,0.946,532.484,162.458,-4.024,156.086,100,8,1
500,2,saturate,1,ap_int<2>,0.992493,0.954,533.704,161.367,0.202,154.114,92,8,1
500,2,saturate,2,ap_int<2>,0.99247,0.964,537.332,152.855,-0.212,157.743,90,8,1
500,2,saturate,3,ap_int<2>,0.990093,0.946,532.924,161.558,-0.076,153.946,88,8,1
500,2,saturate,4,ap_int<2>,0.994095,0.978,539.248,156.031,-2.448,153.555,84,8,1
500,2,scale,0,ap_int<2>,0.888444,0.528,25.196,14.357,-0.012,14.807,100,8,1
500,2,scale,1,ap_int<2>,0.936747,0.73,39.28,19.09,-0.944,18.495,92,8,1
500,2,scale,2,ap_int<2>,0.947458,0.718,48.368,21.192,0.992,20.673,90,8,1
500,2,scale,3,ap_int<2>,0.930366,0.678,41.36,19.592,1.102,19.027,88,8,1
500,2,scale,4,ap_int<2>,0.962801,0.804,59.032,23.46,-0.802,24.139,84,8,1
500,4,wrap,0,ap_int<4>,0.500344,0.048,-0.896,462.016,0.036,471.1,100,8,1
500,4,wrap,1,ap_int<4>,0.509268,0.066,-1.352,477.779,-21.124,446.064,92,8,1
500,4,wrap,2,ap_int<4>,0.502394,0.06,11.368,478.603,7.928,465.281,90,8,1
500,4,wrap,3,ap_int<4>,0.510259,0.036,-7.496,470.998,-25.072,480.945,88,8,1
500,4,wrap,4,ap_int<4>,0.501203,0.036,-11.248,465.106,-6.868,468.832,84,8,1
500,4,saturate,0,ap_int<4>,0.996196,0.984,2616.836,695.983,-10.704,689.56,100,8,1
500,4,saturate,1,ap_int<4>,0.997287,0.992,2626.876,696.776,4.016,678.703,92,8,1
500,4,saturate,2,ap_int<4>,0.997343,0.988,2643.652,667.18,-8.604,691.645,90,8,1
500,4,saturate,3,ap_int<4>,0.995658,0.97,2615.972,712.096,1.044,683.867,88,8,1
500,4,saturate,4,ap_int<4>,0.997592,0.986,2656.432,683.107,-9.21,675.609,84,8,1
500,4,scale,0,ap_int<4>,0.999154,0.998,703.124,156.284,0.442,168.559,100,8,1
500,4,scale,1,ap_int<4>,0.999254,1.0,767.492,173.483,-0.766,172.719,92,8,1
500,4,scale,2,ap_int<4>,0.999612,1.0,778.98,170.862,-1.044,174.351,90,8,1
500,4,scale,3,ap_int<4>,0.998453,0.992,783.54,182.938,5.148,180.92,88,8,1
500,4,scale,4,ap_int<4>,0.999212,0.998,844.632,193.66,-5.324,186.318,84,8,1
500,8,wrap,0,ap_int<8>,0.999276,0.996,9901.056,2172.02,-0.988,2315.88,100,8,0
500,8,wrap,1,ap_int<8>,0.99943,1.0,9997.688,2239.797,-27.812,2228.36,92,8,0
500,8,wrap,2,ap_int<8>,0.999754,1.0,10101.224,2172.839,-27.976,2209.922,90,8,0
500,8,wrap,3,ap_int<8>,0.998634,0.992,9811.32,2261.342,52.336,2229.262,88,8,0
500,8,wrap,4,ap_int<8>,0.999249,0.998,10150.16,2303.54,-53.876,2221.22,84,8,0
500,8,saturate,0,ap_int<8>,0.999276,0.996,9901.056,2172.02,-0.988,2315.88,100,8,0
500,8,saturate,1,ap_int<8>,0.99943,1.0,9997.688,2239.797,-27.812,2228.36,92,8,0
500,8,saturate,2,ap_int<8>,0.999754,1.0,10101.224,2172.839,-27.976,2209.922,90,8,0
500,8,saturate,3,ap_int<8>,0.998634,0.992,9811.32,2261.342,52.336,2229.262,88,8,0
500,8,saturate,4,ap_int<8>,0.999249,0.998,10150.16,2303.54,-53.876,2221.22,84,8,0
500,8,scale,0,ap_int<8>,0.999276,0.996,9901.056,2172.02,-0.988,2315.88,100,8,0
500,8,scale,1,ap_int<8>,0.99943,1.0,9997.688,2239.797,-27.812,2228.36,92,8,0
500,8,scale,2,ap_int<8>,0.999754,1.0,10101.224,2172.839,-27.976,2209.922,90,8,0
500,8,scale,3,ap_int<8>,0.998634,0.992,9811.32,2261.342,52.336,2229.262,88,8,0
500,8,scale,4,ap_int<8>,0.999249,0.998,10150.16,2303.54,-53.876,2221.22,84,8,0
500,16,wrap,0,ap_int<16>,0.999276,0.996,9901.056,2172.02,-0.988,2315.88,100,8,0
500,16,wrap,1,ap_int<16>,0.99943,1.0,9997.688,2239.797,-27.812,2228.36,92,8,0
500,16,wrap,2,ap_int<16>,0.999754,1.0,10101.224,2172.839,-27.976,2209.922,90,8,0
500,16,wrap,3,ap_int<16>,0.998634,0.992,9811.32,2261.342,52.336,2229.262,88,8,0
500,16,wrap,4,ap_int<16>,0.999249,0.998,10150.16,2303.54,-53.876,2221.22,84,8,0
500,16,saturate,0,ap_int<16>,0.999276,0.996,9901.056,2172.02,-0.988,2315.88,100,8,0
500,16,saturate,1,ap_int<16>,0.99943,1.0,9997.688,2239.797,-27.812,2228.36,92,8,0
500,16,saturate,2,ap_int<16>,0.999754,1.0,10101.224,2172.839,-27.976,2209.922,90,8,0
500,16,saturate,3,ap_int<16>,0.998634,0.992,9811.32,2261.342,52.336,2229.262,88,8,0
500,16,saturate,4,ap_int<16>,0.999249,0.998,10150.16,2303.54,-53.876,2221.22,84,8,0
500,16,scale,0,ap_int<16>,0.999276,0.996,9901.056,2172.02,-0.988,2315.88,100,8,0
500,16,scale,1,ap_int<16>,0.99943,1.0,9997.688,2239.797,-27.812,2228.36,92,8,0
500,16,scale,2,ap_int<16>,0.999754,1.0,10101.224,2172.839,-27.976,2209.922,90,8,0
500,16,scale,3,ap_int<16>,0.998634,0.992,9811.32,2261.342,52.336,2229.262,88,8,0
500,16,scale,4,ap_int<16>,0.999249,0.998,10150.16,2303.54,-53.876,2221.22,84,8,0
500,32,wrap,0,ap_int<32>,0.999276,0.996,9901.056,2172.02,-0.988,2315.88,100,8,0
500,32,wrap,1,ap_int<32>,0.99943,1.0,9997.688,2239.797,-27.812,2228.36,92,8,0
500,32,wrap,2,ap_int<32>,0.999754,1.0,10101.224,2172.839,-27.976,2209.922,90,8,0
500,32,wrap,3,ap_int<32>,0.998634,0.992,9811.32,2261.342,52.336,2229.262,88,8,0
500,32,wrap,4,ap_int<32>,0.999249,0.998,10150.16,2303.54,-53.876,2221.22,84,8,0
500,32,saturate,0,ap_int<32>,0.999276,0.996,9901.056,2172.02,-0.988,2315.88,100,8,0
500,32,saturate,1,ap_int<32>,0.99943,1.0,9997.688,2239.797,-27.812,2228.36,92,8,0
500,32,saturate,2,ap_int<32>,0.999754,1.0,10101.224,2172.839,-27.976,2209.922,90,8,0
500,32,saturate,3,ap_int<32>,0.998634,0.992,9811.32,2261.342,52.336,2229.262,88,8,0
500,32,saturate,4,ap_int<32>,0.999249,0.998,10150.16,2303.54,-53.876,2221.22,84,8,0
500,32,scale,0,ap_int<32>,0.999276,0.996,9901.056,2172.02,-0.988,2315.88,100,8,0
500,32,scale,1,ap_int<32>,0.99943,1.0,9997.688,2239.797,-27.812,2228.36,92,8,0
500,32,scale,2,ap_int<32>,0.999754,1.0,10101.224,2172.839,-27.976,2209.922,90,8,0
500,32,scale,3,ap_int<32>,0.998634,0.992,9811.32,2261.342,52.336,2229.262,88,8,0
500,32,scale,4,ap_int<32>,0.999249,0.998,10150.16,2303.54,-53.876,2221.22,84,8,0
2000,1,wrap,0,"sign{-1,+1}",0.881204,0.5065,177.113,98.568,8.302,102.416,174,9,0
2000,1,wrap,1,"sign{-1,+1}",0.893565,0.573,179.32,101.384,3.23,98.488,178,9,0
2000,1,wrap,2,"sign{-1,+1}",0.89049,0.554,180.019,99.163,5.402,102.039,184,9,0
2000,1,wrap,3,"sign{-1,+1}",0.89579,0.5545,179.582,98.487,6.316,97.761,166,9,0
2000,1,wrap,4,"sign{-1,+1}",0.896463,0.562,178.313,98.227,2.78,98.342,168,9,0
2000,1,saturate,0,"sign{-1,+1}",0.881204,0.5065,177.113,98.568,8.302,102.416,174,9,0
2000,1,saturate,1,"sign{-1,+1}",0.893565,0.573,179.32,101.384,3.23,98.488,178,9,0
2000,1,saturate,2,"sign{-1,+1}",0.89049,0.554,180.019,99.163,5.402,102.039,184,9,0
2000,1,saturate,3,"sign{-1,+1}",0.89579,0.5545,179.582,98.487,6.316,97.761,166,9,0
2000,1,saturate,4,"sign{-1,+1}",0.896463,0.562,178.313,98.227,2.78,98.342,168,9,0
2000,1,scale,0,"sign{-1,+1}",0.881204,0.5065,177.113,98.568,8.302,102.416,174,9,0
2000,1,scale,1,"sign{-1,+1}",0.893565,0.573,179.32,101.384,3.23,98.488,178,9,0
2000,1,scale,2,"sign{-1,+1}",0.89049,0.554,180.019,99.163,5.402,102.039,184,9,0
2000,1,scale,3,"sign{-1,+1}",0.89579,0.5545,179.582,98.487,6.316,97.761,166,9,0
2000,1,scale,4,"sign{-1,+1}",0.896463,0.562,178.313,98.227,2.78,98.342,168,9,0
2000,2,wrap,0,ap_int<2>,0.492683,0.0505,1.962,136.789,4.628,142.095,174,9,1
2000,2,wrap,1,ap_int<2>,0.497827,0.053,-1.276,140.757,-0.036,143.089,178,9,1
2000,2,wrap,2,ap_int<2>,0.505919,0.055,4.39,138.684,1.508,137.704,184,9,1
2000,2,wrap,3,ap_int<2>,0.497719,0.053,0.892,138.866,0.628,140.382,166,9,1
2000,2,wrap,4,ap_int<2>,0.482044,0.0465,-0.498,142.737,5.82,147.273,168,9,1
2000,2,saturate,0,ap_int<2>,0.870131,0.4675,266.379,154.692,13.908,162.44,174,9,1
2000,2,saturate,1,ap_int<2>,0.885094,0.5425,268.783,158.389,2.162,156.295,178,9,1
2000,2,saturate,2,ap_int<2>,0.878728,0.5085,271.302,157.84,8.762,159.873,184,9,1
2000,2,saturate,3,ap_int<2>,0.882008,0.5065,269.349,153.629,9.694,157.094,166,9,1
2000,2,saturate,4,ap_int<2>,0.882734,0.525,265.788,154.196,4.976,154.864,168,9,1
2000,2,scale,0,ap_int<2>,0.786991,0.293,25.489,22.665,-0.046,22.539,174,9,1
2000,2,scale,1,ap_int<2>,0.788585,0.29,24.79,22.18,-0.054,21.831,178,9,1
2000,2,scale,2,ap_int<2>,0.768241,0.2555,20.221,18.913,0.818,18.815,184,9,1
2000,2,scale,3,ap_int<2>,0.817257,0.3105,32.951,25.117,0.414,25.96,166,9,1
2000,2,scale,4,ap_int<2>,0.800627,0.295,28.441,23.081,-0.262,24.867,168,9,1
2000,4,wrap,0,ap_int<4>,0.502529,0.05,-0.818,476.275,-4.508,476.57,174,9,1
2000,4,wrap,1,ap_int<4>,0.494654,0.0525,7.352,479.35,12.676,478.599,178,9,1
2000,4,wrap,2,ap_int<4>,0.505258,0.05,2.546,466.978,-5.596,453.775,184,9,1
2000,4,wrap,3,ap_int<4>,0.512514,0.057,20.008,461.868,0.188,466.964,166,9,1
2000,4,wrap,4,ap_int<4>,0.50505,0.062,8.402,466.759,0.228,459.259,168,9,1
2000,4,saturate,0,ap_int<4>,0.893755,0.552,1323.34,706.491,50.89,733.963,174,9,1
2000,4,saturate,1,ap_int<4>,0.902272,0.597,1339.021,724.598,13.336,720.54,178,9,1
2000,4,saturate,2,ap_int<4>,0.898502,0.575,1345.692,716.13,42.3,733.302,184,9,1
2000,4,saturate,3,ap_int<4>,0.903546,0.59,1340.741,704.821,42.922,712.337,166,9,1
2000,4,saturate,4,ap_int<4>,0.907309,0.5855,1329.504,702.065,20.48,697.786,168,9,1
2000,4,scale,0,ap_int<4>,0.929987,0.6265,393.006,177.094,13.708,185.697,174,9,1
2000,4,scale,1,ap_int<4>,0.934701,0.7005,396.021,183.687,3.622,184.042,178,9,1
2000,4,scale,2,ap_int<4>,0.938089,0.709,386.321,172.768,12.12,173.333,184,9,1
2000,4,scale,3,ap_int<4>,0.939045,0.695,428.994,188.997,7.376,195.027,166,9,1
2000,4,scale,4,ap_int<4>,0.942553,0.707,414.918,181.822,1.764,193.401,168,9,1
2000,8,wrap,0,ap_int<8>,0.919463,0.6215,9189.278,4350.437,403.908,4511.251,174,9,1
2000,8,wrap,1,ap_int<8>,0.92642,0.6755,9425.56,4512.675,135.78,4575.948,178,9,1
2000,8,wrap,2,ap_int<8>,0.925355,0.6615,9240.13,4393.417,260.676,4427.056,184,9,1
2000,8,wrap,3,ap_int<8>,0.925165,0.5865,9310.968,4317.741,193.052,4564.613,166,9,1
2000,8,wrap,4,ap_int<8>,0.925665,0.643,9135.73,4308.756,202.66,4483.346,168,9,1
2000,8,saturate,0,ap_int<8>,0.932152,0.634,9767.748,4354.406,355.294,4540.184,174,9,1
2000,8,saturate,1,ap_int<8>,0.937449,0.7295,10057.375,4579.291,118.76,4629.957,178,9,1
2000,8,saturate,2,ap_int<8>,0.940601,0.7135,10026.93,4406.593,293.684,4456.032,184,9,1
2000,8,saturate,3,ap_int<8>,0.940391,0.6855,10063.08,4366.988,195.192,4524.061,166,9,1
2000,8,saturate,4,ap_int<8>,0.943759,0.7065,9914.657,4300.612,64.07,4569.506,168,9,1
2000,8,scale,0,ap_int<8>,0.932091,0.637,7154.488,3187.306,260.062,3327.46,174,9,1
2000,8,scale,1,ap_int<8>,0.937432,0.7205,7208.249,3282.41,83.11,3315.996,178,9,1
2000,8,scale,2,ap_int<8>,0.940797,0.7145,6959.779,3057.162,203.388,3089.703,184,9,1
2000,8,scale,3,ap_int<8>,0.940473,0.6855,7735.459,3361.361,149.516,3471.121,166,9,1
2000,8,scale,4,ap_int<8>,0.94398,0.705,7522.069,3260.801,42.456,3465.685,168,9,1
2000,16,wrap,0,ap_int<16>,0.932061,0.6325,9802.91,4367.819,357.316,4559.896,174,9,0
2000,16,wrap,1,ap_int<16>,0.937433,0.723,10097.304,4597.882,117.348,4644.554,178,9,0
2000,16,wrap,2,ap_int<16>,0.940764,0.7155,10082.626,4429.892,296.516,4477.224,184,9,0
2000,16,wrap,3,ap_int<16>,0.940467,0.6835,10112.76,4393.138,194.588,4539.276,166,9,0
2000,16,wrap,4,ap_int<16>,0.943985,0.7075,9953.65,4315.082,56.74,4586.743,168,9,0
2000,16,saturate,0,ap_int<16>,0.932061,0.6325,9802.91,4367.819,357.316,4559.896,174,9,0
2000,16,saturate,1,ap_int<16>,0.937433,0.723,10097.304,4597.882,117.348,4644.554,178,9,0
2000,16,saturate,2,ap_int<16>,0.940764,0.7155,10082.626,4429.892,296.516,4477.224,184,9,0
2000,16,saturate,3,ap_int<16>,0.940467,0.6835,10112.76,4393.138,194.588,4539.276,166,9,0
2000,16,saturate,4,ap_int<16>,0.943985,0.7075,9953.65,4315.082,56.74,4586.743,168,9,0
2000,16,scale,0,ap_int<16>,0.932061,0.6325,9802.91,4367.819,357.316,4559.896,174,9,0
2000,16,scale,1,ap_int<16>,0.937433,0.723,10097.304,4597.882,117.348,4644.554,178,9,0
2000,16,scale,2,ap_int<16>,0.940764,0.7155,10082.626,4429.892,296.516,4477.224,184,9,0
2000,16,scale,3,ap_int<16>,0.940467,0.6835,10112.76,4393.138,194.588,4539.276,166,9,0
2000,16,scale,4,ap_int<16>,0.943985,0.7075,9953.65,4315.082,56.74,4586.743,168,9,0
2000,32,wrap,0,ap_int<32>,0.932061,0.6325,9802.91,4367.819,357.316,4559.896,174,9,0
2000,32,wrap,1,ap_int<32>,0.937433,0.723,10097.304,4597.882,117.348,4644.554,178,9,0
2000,32,wrap,2,ap_int<32>,0.940764,0.7155,10082.626,4429.892,296.516,4477.224,184,9,0
2000,32,wrap,3,ap_int<32>,0.940467,0.6835,10112.76,4393.138,194.588,4539.276,166,9,0
2000,32,wrap,4,ap_int<32>,0.943985,0.7075,9953.65,4315.082,56.74,4586.743,168,9,0
2000,32,saturate,0,ap_int<32>,0.932061,0.6325,9802.91,4367.819,357.316,4559.896,174,9,0
2000,32,saturate,1,ap_int<32>,0.937433,0.723,10097.304,4597.882,117.348,4644.554,178,9,0
2000,32,saturate,2,ap_int<32>,0.940764,0.7155,10082.626,4429.892,296.516,4477.224,184,9,0
2000,32,saturate,3,ap_int<32>,0.940467,0.6835,10112.76,4393.138,194.588,4539.276,166,9,0
2000,32,saturate,4,ap_int<32>,0.943985,0.7075,9953.65,4315.082,56.74,4586.743,168,9,0
2000,32,scale,0,ap_int<32>,0.932061,0.6325,9802.91,4367.819,357.316,4559.896,174,9,0
2000,32,scale,1,ap_int<32>,0.937433,0.723,10097.304,4597.882,117.348,4644.554,178,9,0
2000,32,scale,2,ap_int<32>,0.940764,0.7155,10082.626,4429.892,296.516,4477.224,184,9,0
2000,32,scale,3,ap_int<32>,0.940467,0.6835,10112.76,4393.138,194.588,4539.276,166,9,0
2000,32,scale,4,ap_int<32>,0.943985,0.7075,9953.65,4315.082,56.74,4586.743,168,9,0
